Feature,Mean Absolute SHAP
Contract,0.11153100063345991
tenure,0.06788989850884389
InternetService,0.04905729979635358
TotalCharges,0.026867098924887648
OnlineSecurity,0.020892890523236472
PaperlessBilling,0.020124144910277725
PaymentMethod,0.020046863008986202
TechSupport,0.018825980484548248
MultipleLines,0.013207584320343793
StreamingTV,0.01305811861322757
StreamingMovies,0.011807784066866535
MonthlyCharges,0.008526383203835945
Dependents,0.004117079286610445
OnlineBackup,0.003956853481857804
Partner,0.002827305063612278
SeniorCitizen,0.0026249004224362694
PhoneService,0.002346360740485702
gender,0.002210070772546464
DeviceProtection,0.001517165340539526
