document,section,text
faq.md,,"
# Customer Retention Intelligence FAQ"
faq.md,## What does the model predict?,"## What does the model predict?
The model predicts the probability that a customer will churn based on the
customer information available in the dataset."
faq.md,## Does a high risk score mean the customer will definitely churn?,"## Does a high risk score mean the customer will definitely churn?
No.
A high score means the model estimates a higher probability of churn. It is
not a guarantee."
faq.md,## What does a risk score of 80 mean?,"## What does a risk score of 80 mean?
It means the model assigned approcimately 80% churn probability to that
customer."
faq.md,## What is the difference between risk score and actual churn?,"## What is the difference between risk score and actual churn?
Risk score is a model prediction.
Actual churn is what happened historically and is represented by the target variable."
faq.md,## What does SHAP explain?,"## What does SHAP explain?
SHAP explains how individual features influenced a model prediction.
Positive SHAP values push the prediction toward higher churn probability.
Negative SHAP values push it toward lower churn probability."
faq.md,## Does SHAP prove that a feature causes churn?,"## Does SHAP prove that a feature causes churn?
No
SHAP explains the behaviour of the model. It does not establish causation."
faq.md,## Why are multiple evaluation metrics used?,"## Why are multiple evaluation metrics used?
Because accuracy alone can be missleanding when the classes are imbalanced.
The project therefore also examines precision, recall,F1 score, ROC-AUC and
PR-AUC."
faq.md,## What is the advanced deep-learning model?,"## What is the advanced deep-learning model?
It is a neural netwrok designed for tabular customer data. It combines
normalized numerical variables with learned embeddings for categorical variables."
faq.md,## Why are embeddings used?,"## Why are embeddings used?
Embeddings allow the neural network to learn numerical representations of
categorical values instead of treating category labels as ordinary numeric
measurements."
faq.md,## What is a high-risk customer?,"## What is a high-risk customer?
In this project, a customer with predicted churn probability of 60% or above is
classified as high risk."
faq.md,## Can the model tell us which retention action will definitely work?,"## Can the model tell us which retention action will definitely work?
No
The current dataset does not contain controlled intervention outcomes, so the
mode cannot establish the casual effect of a retention action"
faq.md,## What should an employee do with a high-risk customer?,"## What should an employee do with a high-risk customer?
Review the customer's profile, examine the model's main risk contributors,
and then decide what account or service review is appropriate."
faq.md,## Does the chatbot replace the churn model?,"## Does the chatbot replace the churn model?
No
The chatbot is an interface around the project. It can explain model results,
retrieve customer information anf answer questions using the project knowledge base."
faq.md,## Does the chatbot have access to information outside this project?,"## Does the chatbot have access to information outside this project?
The intended project version is grounded in the project's customer data,
model outputs and knowledge-base documents."
feature_dictionary.md,,"
# Customer Churn Feature Dictionary"
feature_dictionary.md,## Purpose,"## Purpose
This document explains the main fields used in the customer churn project.
It is intended to help analysts and the retention assistant understand the
customer data without having to inspect the raw dataset."
feature_dictionary.md,### customerID,"### customerID
Unique identifier assigned to each customer"
feature_dictionary.md,### gender,"### gender
Customer gender recorded in the dataset"
feature_dictionary.md,### SeniorCitizen,"### SeniorCitizen
Indicates whether the customer belongs to the senior-citizen category"
feature_dictionary.md,### Partner,"### Partner
Indicates whether the customer has a partner."
feature_dictionary.md,### Dependents,"### Dependents
Indicates whether the customer has dependents."
feature_dictionary.md,### PhoneService,"### PhoneService
Indicates whether the customer has phone service."
feature_dictionary.md,### MultipleLines,"### MultipleLines
Indicates whether the customer has multiple phone lines."
feature_dictionary.md,### InternetService,"### InternetService
Internet service type used by the customer
Possible categories in the dataset include DSL,Fiber optic, and No."
feature_dictionary.md,### OnlineSecurity,"### OnlineSecurity
Indicates whether the customer has an online security service"
feature_dictionary.md,### OnlineBackup,"### OnlineBackup
Indicated whether the customer has an online-backup service."
feature_dictionary.md,### DeviceProtection,"### DeviceProtection
Indicated whether the customer has device-protection service."
feature_dictionary.md,### TechSupport,"### TechSupport
Indicates whether the customer has technical-support service."
feature_dictionary.md,### StreamingTV,"### StreamingTV
Indicated whether the customer has streaming-TV service."
feature_dictionary.md,### StreamingMovies,"### StreamingMovies
Indicated whether the customer has streaming-movie service."
feature_dictionary.md,### tenure,"### tenure
Number of months the customer has stayed with the company."
feature_dictionary.md,### Contract,"### Contract
Contract type associated with the customer."
feature_dictionary.md,### PaperlessBilling,"### PaperlessBilling
Indicates whether the customer uses paperless billing."
feature_dictionary.md,### PaymentMethod,"### PaymentMethod
Payment method used by the customer."
feature_dictionary.md,### MonthlyCharges,"### MonthlyCharges
Customer's monthly service charges."
feature_dictionary.md,### TotalCharges,"### TotalCharges
Total charges recorded for the customer."
feature_dictionary.md,### Churn,"### Churn
Indicates whether the customer churned.
In the modeling pipeline:
- 0 = Stayed
- 1 = Churned"
feature_dictionary.md,### ChurnProbability,"### ChurnProbability
Probability produced by the advanced churn model."
feature_dictionary.md,### RiskScore,"### RiskScore
Churn probability expressed on a 0-100 scale."
model_documentation.md,,"
# Customer Churn Model Documentation"
model_documentation.md,## Project,"## Project
Customer Retention Intelligence"
model_documentation.md,## Objective,"## Objective
The model estimates the probability that a telecom customer will churn.
The output is a probability between 0 and 1
For example:
0.20 means the model assigns approximately 20% churn probability to that customer.
The probability is a model prediction and should not be interpreted ass a gurantee
that the customer will or will not churn.
#Advanced Model
The main model is a deep-learning model designed for tabular customer data.
It uses:
- Numerical feature normalization
- Categorical feature lookup
- Categorical embeddings
- Features concantenation
- Batch normalization
- Dense neural-network layers
- Dropout
- Sigmoid output
The model was trained using class weighting because churn is less common
than non-churn in the datasest"
model_documentation.md,## Training Controls,"## Training Controls
The training process uses:
- Training validation and test splits
- Early Stopping
- Learning-rate reduction
- Best-model checkpointing
The final test set is reserved for final evaluation."
model_documentation.md,## Model Evaluation,"## Model Evaluation
The project evaluates the model using several measures rather than accuracy
alone:
- Accuracy
- Precision
- Recall
- F1 Score
- ROC-AUC
- PR-AUC
Recall is particularly usefull when considering churn detection because missing
a genuinely at-risk customer can be important for a retention wokflow."
model_documentation.md,## Explainability,"## Explainability
SHAP is used to understand how individual features influence model predictions.
A positive SHAP value means that the feature pushed the model prediction toward
higher churn probability for the customer being explained.
A negative SHAP value means that the feature pushed the model prediction
toward lower churn propability.
SHAP describes model behavior. It does not establish that a feature causes
churn."
model_documentation.md,## Risk Bands,"## Risk Bands
The project uses three practical risk bands:
- Low: below 30%
- Medium: 30% to below 60%
- High: 60% or above
These thresholds are project-defined and can be changes later based on business
requirements."
retention_pplaybook.md,,"
# Telecom Customer Retention Playbook"
retention_pplaybook.md,## Purpose,"## Purpose
This playbook provides practical areaas for a retention team to review when a
customer has an elevated model-predicted churn risk.
The suggestions are decision-support ideas. They are not causal conclusions
from the churn model."
retention_pplaybook.md,## 1. High Churn Risk,"## 1. High Churn Risk
When a customer has a high model-predicted churn probability:
1. Review the customer's account profile.
2. Review contract type and tenure.
3. Review service configuration.
4. Review monthly charges.
5. Review payment method.
6. Check whether technical-support or service-related issues are visible in
the customer profile.
7. Use the model explanation to identify the features that contributed most to
the prediction.
The purpose is to prioritize customers for human review."
retention_pplaybook.md,## 2. Month-to-Month Customers,"## 2. Month-to-Month Customers
Customers with month-to-month contracts can be reviewed for:
- Contract exprerience
- Pricing concerns
- Service satisfaction
- Available long-term plans
- Relevant account benefits
A longer contract should not automatically be presented as the correct action.
The customer's circumstances should be considered."
retention_pplaybook.md,## 3. Short-Tenure Customers,"## 3. Short-Tenure Customers
Customers with short tenure can be reviewed for:
- Early onboarding experience
- Service setup issues
- Technical problems
- Understanding of the selected plan
- Support experience
The model may identify short-tenure customers as high-risk, but the reason
for the risk should be checked using the customer's other information and model explanation."
retention_pplaybook.md,## 4. Higher Monthly Charges,"## 4. Higher Monthly Charges
When monthly charges are relatively high, a retention review can include:
- Current plan
- Service included in the plan
- Optional Services
- Customer usage
- Available plan
The model's prediction should not be interpreted as evidence that price alone
caused the customer's churn risk."
retention_pplaybook.md,## 5. Service and Support Review,"## 5. Service and Support Review
For customers with elevated risk, the retention team can review:
- Internet Service
- Online Security
- Online backup
- Device protection
- Technical Support
- Streaming services
This is a review framework,not a causal conclusion"
retention_pplaybook.md,## 6. Payment Method Review,"## 6. Payment Method Review
Payment method can be included in account review when the model identifies
it as an important features for a customer.
The purpose is to check whether there are payment difficulties , failed payments,
or customer preferences that need attention."
retention_pplaybook.md,## 7. Customer-Level Review,"## 7. Customer-Level Review
For an individual customer, the recommended workflow is:
Customer
- Churn Propability
- Top model contributors
- Account reiew
- Appropriate retention conversation
The model should support the employee's decision rather than replace it."
retention_pplaybook.md,## 8. Improtant Limitation,"## 8. Improtant Limitation
No retention action in this document should be described as guaranteed to reduce
churn.
The current project does not contain randomized intervention data, so it
cannot measure the causal effect of individual retention actions"
